﻿STATE,STATE NAME,NEW GATING SCORE,COVID-LIKE SYMPTOMS (95% CI),% WHO KNOW SOMEONE WHO IS SICK,% WEARING MASKS,TESTS CONDUCTED (7-DAY AVG),TESTS-T-13,TESTS-T-12,TESTS-T-11,TESTS-T-10,TESTS-T-09,TESTS-T-08,TESTS-T-07,TESTS-T-06,TESTS-T-05,TESTS-T-04,TESTS-T-03,TESTS-T-02,TESTS-T-01,TESTS-T-0,% OF TEST TARGET (US: 500K/DAY),TEST TARGET - 500K - COLOR,% OF TARGET (US: 4M/DAY),% OF TEST TARGET (INCIDENCE ADJUSTED),TEST TARGET (INCIDENT ADJUSTED),GATING CRITERIA TESTS,POSITIVITY IS,POSITIVITY-13,POSITIVITY-12,POSITIVITY-11,POSITIVITY-10,POSITIVITY-09,POSITIVITY-08,POSITIVITY-07,POSITIVITY-06,POSITIVITY-05,POSITIVITY-04,POSITIVITY-03,POSITIVITY-02,POSITIVITY-01,POSITIVITY-00,POSITIVITY,POSITIVITY-GRADE,ICU OCCUPIED,BEDS OCCUPIED,CRITICAL STAFFING SHORTAGE,ESTIMATED ACTIVE CASES,CONTACT TRACING POSSIBLE?,CONTACT TRACING COLOR,COVID+ RATE IS
Alabama,Alabama,Bruised Red,#REF!,43.8,89.6,12493,9604,10035,9949,9773,10010,8468,7343,10299,9728,9709,9764,9759,11284,12493,169,Green,21,10,126442,Bruised Red,30.7% ^Decreasing^,33.77,33.83,33.54,35.9,35.07,42.6,50.11,35.6,36.52,37.45,37.18,39.39,34.26,30.67,30.67,Bruised Red,90% ^Severely constrained^,76% ^Elevated^,31,167130,Unlikely ^Positivity high^,Deep Red,30.7% ^Decreasing^
Alaska,Alaska,Bruised Red,#REF!,35.4,85.8,7630,10106,10050,10702,10408,10454,9455,9332,9346,9841,9513,8909,8768,8529,7630,692,Green,87,61,12611,Red,5.0% ^Decreasing^,6.89,7,6.42,6.41,6.21,6.25,6.15,6.06,5.34,5.55,5.54,5.41,5.25,5.01,5.01,Yellow,69% ^Normal^,59% ^Normal^,17,21645,Extremely Difficult ^Resource intensive^,Red,5.0% ^Decreasing^
Arizona,Arizona,Bruised Red,#REF!,36.5,93.2,44990,37457,29247,25310,24385,25070,28483,34953,39914,44159,45324,46656,46670,45421,44990,410,Green,51,21,212874,Bruised Red,14.3% ^Flat^,14.88,20.04,23.49,24.08,24.17,21.91,18.05,19.47,14.95,14.69,14.55,14.74,14.36,14.34,14.34,Bruised Red,70% ^Normal^,77% ^Elevated^,33,305675,Unlikely ^Positivity high^,Deep Red,14.3% ^Flat^
Arkansas,Arkansas 😷,Bruised Red,#REF!,43.1,90.8,12077,12802,13149,13824,13371,13356,13512,13222,13304,12996,12293,12397,12181,12034,12077,266,Green,33,16,75183,Bruised Red,18.9% ^Increasing^,16.38,16.31,15.64,15.54,15.5,15.72,15.97,16.61,16.35,17.26,18.08,18.53,18.83,18.87,18.87,Bruised Red,74% ^Elevated^,71% ^Elevated^,33,105175,Unlikely ^Positivity high^,Deep Red,18.9% ^Increasing^
California,California 😷,Bruised Red,#REF!,28.2,95.6,324226,209740,232637,248992,264241,270981,283451,285792,294098,293613,301074,304575,309812,318017,324226,545,Green,68,23,1426967,Bruised Red,13.3% ^Increasing^,10.45,10.1,10.02,10.04,10.5,10.57,10.5,10.62,11.08,11.89,12.81,12.85,12.87,13.34,13.34,Bruised Red,85% ^Severely constrained^,78% ^Elevated^,35,1270000,Unlikely ^Positivity high^,Deep Red,13.3% ^Increasing^
Colorado,Colorado,Bruised Red,#REF!,34.1,93.5,38751,42450,42273,43271,42775,42056,42284,42163,41984,41482,40781,40222,40057,38109,38751,447,Green,56,40,97572,Bruised Red,7.6% ^Decreasing^,10.67,10.57,10.29,9.95,10,9.56,9.36,9.01,8.54,8.54,8.32,8,7.86,7.63,7.63,Red,62% ^Normal^,66% ^Normal^,11,167300,Extremely Difficult ^Resource intensive^,Red,7.6% ^Decreasing^
Connecticut,Connecticut 😷,Bruised Red,#REF!,27.4,96.9,35794,40567,41046,39488,35205,38999,38999,38999,38416,37933,38077,37993,35794,35794,35794,666,Green,83,47,75528,Bruised Red,6.4% ^Flat^,6.53,6.79,6.92,6.82,6.98,6.98,6.98,6.75,6.48,6.47,6.44,6.39,6.39,6.39,6.39,Yellow,61% ^Normal^,76% ^Elevated^,5,94244,Extremely Difficult ^Resource intensive^,Red,6.4% ^Flat^
Delaware,Delaware 😷,Bruised Red,#REF!,30,95.1,8939,6832,7450,7734,7673,8336,8459,8223,8219,8287,8835,9178,9109,8772,8939,609,Green,76,37,24307,Bruised Red,8.2% ^Decreasing^,10.57,9.82,10.52,10.39,9.29,9.76,9.64,9.99,9.79,8.95,8.92,8.3,8.57,8.24,8.24,Red,83% ^Constrained^,71% ^Elevated^,7,31553,Extremely Difficult ^Resource intensive^,Red,8.2% ^Decreasing^
District of Columbia,District of Columbia 😷,Bruised Red,#REF!,16.5,97.4,7291,6261,6889,7289,6835,6358,6218,6233,6271,6622,6554,6625,7165,7155,7291,686,Green,86,90,8142,Yellow,3.4% ^Decreasing^,4.03,3.95,3.94,4.04,4.22,4.07,3.98,3.92,3.78,3.81,3.73,3.48,3.39,3.38,3.38,Yellow,82% ^Constrained^,79% ^Elevated^,0,9031,Difficult ^Positivity makes it challenging^,Yellow,3.4% ^Decreasing^
Florida,Florida,Bruised Red,#REF!,26.6,89.8,109415,106871,106876,106793,107892,109210,107866,108850,108620,108080,109592,110239,110465,110866,109415,338,Green,42,31,350960,Bruised Red,9.7% ^Increasing^,8.67,8.58,8.52,8.49,8.58,8.71,8.71,8.84,9.08,9.2,9.41,9.57,9.67,9.72,9.72,Red,82% ^Constrained^,77% ^Elevated^,4,422636,Extremely Difficult ^Resource intensive^,Red,9.7% ^Increasing^
Georgia,Georgia,Bruised Red,#REF!,34.4,87.5,34947,29516,30925,30737,32168,31740,32930,36212,33496,34147,34255,33476,35264,34906,34947,218,Green,27,22,158136,Bruised Red,13.7% ^Increasing^,12.85,12.68,12.61,12.8,12.87,12.89,12.71,13.08,13.3,13.44,13.66,13.51,13.41,13.71,13.71,Bruised Red,90% ^Severely constrained^,74% ^Elevated^,19,196356,Unlikely ^Positivity high^,Deep Red,13.7% ^Increasing^
Hawaii,Hawaii 😷,Red,#REF!,14,94.5,4884,5486,5379,5318,5417,5669,5149,4899,4696,4776,4749,4565,4556,4736,4884,229,Green,29,102,4790,Green,3.0% ^Increasing^,1.82,1.89,1.92,1.83,1.79,2.15,2.21,2.63,2.6,2.7,2.87,2.95,2.72,2.97,2.97,Yellow,67% ^Normal^,69% ^Normal^,4,4157,Possible ^Positivity low^,Green,3.0% ^Increasing^
Idaho,Idaho,Bruised Red,#REF!,42.9,84.4,2958,2813,2891,2524,2527,2508,2466,2354,2269,2159,2754,2723,2860,2835,2958,110,Green,14,7,39774,Bruised Red,40.8% ^Decreasing^,50.92,50.38,60,64.84,65.91,65.15,66.32,67.18,68.31,52.46,48.52,44.2,43.37,40.75,40.75,Bruised Red,80% ^Elevated^,61% ^Normal^,16,77434,Unlikely ^Positivity high^,Deep Red,40.8% ^Decreasing^
Illinois,Illinois 😷,Bruised Red,#REF!,32.8,93.8,93956,97255,94361,95394,96498,95328,98787,96517,98615,98200,98278,95065,96186,91895,93956,492,Green,62,39,242625,Bruised Red,7.8% ^Decreasing^,10.28,9.89,9.56,9.47,9.42,8.92,9.08,8.67,8.63,8.46,8.4,8,8.19,7.83,7.83,Red,68% ^Normal^,70% ^Normal^,18,366542,Extremely Difficult ^Resource intensive^,Red,7.8% ^Decreasing^
Indiana,Indiana 😷,Bruised Red,#REF!,43.6,92.1,47592,50654,51549,52069,51420,50643,50560,50025,49547,49064,49028,48586,48289,45251,47592,469,Green,59,26,183480,Bruised Red,11.7% ^Decreasing^,13.62,13.38,13.02,12.64,12.64,12.58,12.51,12.43,12.22,12.36,12.42,12.13,12.1,11.68,11.68,Bruised Red,76% ^Elevated^,66% ^Normal^,17,279590,Unlikely ^Positivity high^,Deep Red,11.7% ^Decreasing^
Iowa,Iowa,Bruised Red,#REF!,37.5,90.2,3544,4262,4249,4208,4065,3749,3550,3428,3446,3478,3385,3397,3398,3492,3544,75,Red,9,9,37413,Bruised Red,32.0% ^Decreasing^,39.07,38.66,37.07,36.58,36.87,37.29,36.5,36.14,35.38,35.26,34.01,33.95,32.84,31.99,31.99,Bruised Red,73% ^Elevated^,62% ^Normal^,3,65181,Unlikely ^Positivity high^,Deep Red,32.0% ^Decreasing^
Kansas,Kansas 😷,Bruised Red,#REF!,43.8,89.9,5727,5491,5491,6410,6410,6504,6504,6504,6058,6058,6030,6030,5727,5727,5727,130,Green,16,8,71337,Bruised Red,37.7% ^Decreasing^,43.13,43.13,39.54,39.54,37.34,37.34,37.34,37.71,37.71,34.98,34.98,37.75,37.75,37.75,37.75,Bruised Red,46% ^Normal^,62% ^Normal^,28,112024,Unlikely ^Positivity high^,Deep Red,37.7% ^Decreasing^
Kentucky,Kentucky 😷,Bruised Red,#REF!,40.9,92.7,21111,26951,25447,24645,21723,22392,20307,20307,20528,19821,21111,18375,18879,18461,21111,314,Green,39,23,90594,Bruised Red,13.0% ^Flat^,12.48,12.63,12.97,15.03,14.63,15.89,15.81,15.52,15.96,14.59,15.99,15.19,15.4,13,13,Bruised Red,69% ^Normal^,61% ^Normal^,3,151702,Unlikely ^Positivity high^,Deep Red,13.0% ^Flat^
Louisiana,Louisiana 😷,Bruised Red,#REF!,38.6,87.2,25026,30729,27562,23058,23281,24677,24677,26588,26507,27266,26246,27423,26606,26606,25026,357,Green,45,30,82651,Bruised Red,10.0% ^Increasing^,9.17,8.72,10.89,10.59,9.85,9.85,9.4,9.44,9.28,9.05,9.37,9.8,9.8,10.01,10.01,Bruised Red,73% ^Elevated^,66% ^Normal^,17,109960,Unlikely ^Positivity high^,Deep Red,10.0% ^Increasing^
Maine,Maine 😷,Bruised Red,#REF!,26.1,94.9,7648,8689,8694,8410,8532,8331,8350,8362,8107,8103,8138,7826,7663,7662,7648,378,Green,47,54,14251,Red,5.6% ^Increasing^,3.32,3.41,3.82,3.86,4.05,4.27,4.4,4.54,4.78,5.02,5.55,5.84,5.82,5.65,5.65,Yellow,69% ^Normal^,67% ^Normal^,18,13486,Extremely Difficult ^Resource intensive^,Red,5.6% ^Increasing^
Maryland,Maryland 😷,Bruised Red,#REF!,22.7,97.1,37542,42955,44341,44405,46948,45846,47551,47986,47279,46249,46369,43574,43000,38796,37542,412,Green,52,49,76188,Bruised Red,6.1% ^Flat^,6.31,6.07,6.21,6.22,6.01,5.9,5.84,5.93,5.99,5.89,5.94,6.01,6.17,6.15,6.15,Yellow,81% ^Constrained^,78% ^Elevated^,12,105830,Extremely Difficult ^Resource intensive^,Red,6.1% ^Flat^
Massachusetts,Massachusetts 😷,Bruised Red,#REF!,25.5,96.9,87313,87567,87377,87829,85775,86129,85215,85332,87163,87554,89720,89045,90024,87237,87313,834,Green,100,56,155350,Red,5.4% ^Flat^,5.42,5.6,5.72,5.64,5.65,5.65,5.65,5.72,5.66,5.53,5.53,5.47,5.49,5.39,5.39,Yellow,74% ^Elevated^,79% ^Elevated^,9,171996,Extremely Difficult ^Resource intensive^,Red,5.4% ^Flat^
Michigan,Michigan 😷,Bruised Red,#REF!,32.5,94,51092,54483,57523,57841,56457,55027,53847,53847,53104,51557,52526,51523,50446,51092,51092,340,Green,42,35,145657,Bruised Red,8.6% ^Decreasing^,12.44,11.83,11.25,11.1,10.4,10.24,10.24,9.79,9.72,9.36,9.05,8.93,8.64,8.64,8.64,Red,80% ^Constrained^,75% ^Elevated^,18,259740,Extremely Difficult ^Resource intensive^,Red,8.6% ^Decreasing^
Minnesota,Minnesota,Bruised Red,#REF!,31.1,93.6,40087,48267,48446,47884,46447,46124,45875,43267,40288,41181,38578,39110,39817,37876,40087,472,Green,59,46,87195,Bruised Red,6.6% ^Decreasing^,11.07,10.88,10.81,10.33,9.91,9.38,9.23,9.11,8.66,8.4,8.02,7.51,7.26,6.59,6.59,Yellow,75% ^Elevated^,72% ^Elevated^,17,180937,Extremely Difficult ^Resource intensive^,Red,6.6% ^Decreasing^
Mississippi,Mississippi 😷,Bruised Red,#REF!,43.1,88.8,9749,8118,8203,8244,8261,8239,8342,8346,9752,9819,9762,9758,9784,9646,9749,217,Green,27,14,70177,Bruised Red,21.8% ^Flat^,22.74,23.54,23.92,24.07,23.87,24.81,24.85,21.83,22.37,21.91,21.88,22.09,20.98,21.81,21.81,Bruised Red,87% ^Severely constrained^,65% ^Normal^,21,107552,Unlikely ^Positivity high^,Deep Red,21.8% ^Flat^
Missouri,Missouri,Bruised Red,#REF!,41.2,88.1,18684,19293,20147,20094,20712,20717,20043,19639,19832,19406,19607,19640,19888,19563,18684,202,Green,25,20,94969,Bruised Red,15.4% ^Decreasing^,18.66,18.09,18.11,17.47,17.37,17.05,16.54,16.31,16.31,16.17,15.93,15.61,15.16,15.4,15.4,Bruised Red,84% ^Constrained^,78% ^Elevated^,31,168313,Unlikely ^Positivity high^,Deep Red,15.4% ^Decreasing^
Montana,Montana,Bruised Red,#REF!,43.2,88.5,4712,5249,5140,5127,4778,5210,5131,4871,4221,5123,5227,5716,5153,4820,4712,293,Green,37,26,18230,Bruised Red,11.7% ^Decreasing^,17.4,17.07,16.14,17.25,14.9,15.52,15.92,15.95,13.09,12.33,11.47,11.43,11.78,11.72,11.72,Bruised Red,69% ^Normal^,66% ^Normal^,21,36837,Unlikely ^Positivity high^,Deep Red,11.7% ^Decreasing^
Nebraska,Nebraska,Bruised Red,#REF!,39.8,90.5,11976,15810,14858,15034,14139,14663,14803,13178,13098,12629,12972,12955,12149,12136,11976,411,Green,51,33,36427,Bruised Red,9.2% ^Decreasing^,12.08,12.23,11.79,11.51,10.78,10.18,9.89,9.85,9.29,9.09,9.02,8.97,9.26,9.22,9.22,Red,60% ^Normal^,66% ^Normal^,16,63845,Extremely Difficult ^Resource intensive^,Red,9.2% ^Decreasing^
Nevada,Nevada 😷,Bruised Red,#REF!,33.6,93.9,15976,15574,15035,15486,15015,14077,13601,13707,14027,15391,16075,16077,17231,16757,15976,344,Green,43,20,80671,Bruised Red,15.3% ^Decreasing^,16.89,17.5,17.84,18.07,19.16,19.25,19.48,19.17,17.13,15.79,15.86,14.88,15.27,15.3,15.3,Bruised Red,89% ^Severely constrained^,79% ^Elevated^,16,129162,Unlikely ^Positivity high^,Deep Red,15.3% ^Decreasing^
New Hampshire,New Hampshire 😷,Bruised Red,#REF!,30.6,94.5,7191,7161,6884,7042,7176,7612,7385,7349,7597,7617,7369,7306,7322,7389,7191,351,Green,44,27,26334,Bruised Red,11.1% ^Increasing^,9.62,10.08,10.67,10.65,10.83,11.81,12.02,11.39,11.11,11.32,11.71,10.73,10.37,11.1,11.1,Bruised Red,60% ^Normal^,69% ^Normal^,13,34856,Unlikely ^Positivity high^,Deep Red,11.1% ^Increasing^
New Jersey,New Jersey 😷,Bruised Red,#REF!,24.2,96,72524,29126,36892,50705,51560,57788,44638,44370,70894,74425,65299,58874,72670,72378,72524,542,Green,68,48,150584,Bruised Red,6.3% ^Decreasing^,16.81,13.61,9.94,9.87,8.3,11.04,10.51,6.82,6.21,7.35,7.94,6.48,6.1,6.29,6.29,Yellow,66% ^Normal^,75% ^Elevated^,12,205198,Extremely Difficult ^Resource intensive^,Red,6.3% ^Decreasing^
New Mexico,New Mexico 😷,Bruised Red,#REF!,35.7,95.7,14474,14569,12822,11291,12537,12380,12027,12004,11589,12273,13735,14847,14608,14866,14474,458,Green,57,30,48053,Bruised Red,10.1% ^Decreasing^,12.6,13.13,15.17,13.52,13.42,13.66,13.94,13.99,13.22,11.86,10.89,10.69,10.16,10.06,10.06,Bruised Red,96% ^Severely constrained^,70% ^Normal^,30,76425,Unlikely ^Positivity high^,Deep Red,10.1% ^Decreasing^
New York,New York 😷,Bruised Red,#REF!,26.8,96.3,193695,189355,191610,191759,190897,191522,195455,195372,196451,200983,196176,196943,202188,194837,193695,661,Green,83,56,343587,Red,5.4% ^Increasing^,4.92,5.01,5.13,5.17,5.11,5.03,5.07,5.17,5.12,5.21,5.24,5.25,5.36,5.38,5.38,Yellow,63% ^Normal^,69% ^Normal^,11,360156,Extremely Difficult ^Resource intensive^,Red,5.4% ^Increasing^
North Carolina,North Carolina 😷,Bruised Red,#REF!,31.9,92.5,58344,48504,51552,54413,49394,56262,55716,55662,55873,56118,54279,57861,55372,58038,58344,369,Green,46,29,200701,Bruised Red,10.4% ^Flat^,10.26,10.15,10.22,11.24,10.43,10.57,10.68,10.74,10.84,10.88,10.27,10.96,10.46,10.42,10.42,Bruised Red,84% ^Constrained^,77% ^Elevated^,5,251993,Unlikely ^Positivity high^,Deep Red,10.4% ^Flat^
North Dakota,North Dakota 😷,Bruised Red,#REF!,39.5,86.6,4886,6914,6477,6337,6071,5744,5418,5234,5052,5527,5568,5307,5235,5108,4886,426,Green,53,48,10221,Bruised Red,6.3% ^Decreasing^,9.12,9.99,10.04,9.4,8.98,8.89,8.64,8.41,7.03,6.51,6.34,6.39,6.15,6.34,6.34,Yellow,61% ^Normal^,70% ^Normal^,39,20520,Extremely Difficult ^Resource intensive^,Red,6.3% ^Decreasing^
Ohio,Ohio 😷,Bruised Red,#REF!,41.8,93.6,56148,56962,58639,60852,62275,60409,60498,60007,61122,58439,56680,57293,57822,57105,56148,319,Green,40,20,283230,Bruised Red,15.3% ^Flat^,15.86,19.47,19.29,19.5,20.16,20.31,20.88,20.17,16.95,16.3,16.04,15.73,15.25,15.29,15.29,Bruised Red,75% ^Elevated^,71% ^Elevated^,19,525170,Unlikely ^Positivity high^,Deep Red,15.3% ^Flat^
Oklahoma,Oklahoma,Bruised Red,#REF!,45.3,87.6,15920,22286,19530,19405,19447,18439,17392,17547,17575,18613,17851,15603,17590,15829,15920,267,Green,33,15,109230,Bruised Red,20.8% ^Increasing^,13.23,15.51,15.2,15.72,15.87,16.5,17.24,17.38,16.35,17.8,20.83,18.2,20.34,20.79,20.79,Bruised Red,89% ^Severely constrained^,72% ^Elevated^,31,149681,Unlikely ^Positivity high^,Deep Red,20.8% ^Increasing^
Oregon,Oregon 😷,Bruised Red,#REF!,24.5,93.9,24719,24840,24692,24594,24783,22245,17609,14920,21610,24081,24941,25184,24719,24719,24719,389,Green,49,58,42792,Red,5.2% ^Decreasing^,5.96,6.03,5.88,6.1,6.41,7.79,8.96,6.1,5.35,5.35,5.16,5.14,5.19,5.25,5.25,Yellow,69% ^Normal^,73% ^Elevated^,10,57104,Extremely Difficult ^Resource intensive^,Red,5.2% ^Decreasing^
Pennsylvania,Pennsylvania 😷,Bruised Red,#REF!,36.5,93.8,23448,25745,27536,27122,27343,26803,26178,26854,27247,26470,26788,25758,25426,24821,23448,122,Green,15,8,301243,Bruised Red,38.9% ^Increasing^,36.06,36.04,36.81,36.81,38.07,38,38.14,38.44,39.24,39.49,39.96,38.55,38.77,38.93,38.93,Bruised Red,79% ^Elevated^,74% ^Elevated^,18,479352,Unlikely ^Positivity high^,Deep Red,38.9% ^Increasing^
Rhode Island,Rhode Island 😷,Bruised Red,#REF!,31.2,96.2,9436,14494,14482,15257,14399,15531,15315,15364,15334,15449,15048,15915,14256,11452,9436,591,Green,74,47,20238,Bruised Red,6.5% ^Decreasing^,8.96,9.04,8.7,8.46,7.98,8.12,7.95,7.69,7.55,7.51,7.22,7.01,6.44,6.5,6.5,Yellow,88% ^Severely constrained^,89% ^Constrained^,21,44250,Extremely Difficult ^Resource intensive^,Red,6.5% ^Decreasing^
South Carolina,South Carolina,Bruised Red,#REF!,34.9,89.8,25341,22200,23472,23411,23591,25265,21630,27347,27191,26890,27842,27684,27591,30899,25341,327,Green,41,25,99943,Bruised Red,12.0% ^Increasing^,11.05,10.98,11.36,11.28,10.86,12.92,10.5,10.57,10.82,10.61,10.88,11.31,10.05,11.95,11.95,Bruised Red,82% ^Constrained^,79% ^Elevated^,30,123193,Unlikely ^Positivity high^,Deep Red,12.0% ^Increasing^
South Dakota,South Dakota,Bruised Red,#REF!,48.8,82.8,1347,1763,1699,1705,1643,1694,1692,1694,1622,1551,1592,1531,1457,1424,1347,101,Green,13,8,17391,Bruised Red,39.1% ^Decreasing^,48.9,51.52,48.78,46.76,44.48,43.08,42.55,42.76,42.92,41.11,41.71,40.21,39.42,39.12,39.12,Bruised Red,66% ^Normal^,58% ^Normal^,16,36803,Unlikely ^Positivity high^,Deep Red,39.1% ^Decreasing^
Tennessee,Tennessee,Bruised Red,#REF!,46.9,88.6,48768,26888,26140,29264,30893,35058,33563,43440,45927,47969,50150,50706,52395,50503,48768,474,Green,59,16,308229,Bruised Red,19.2% ^Increasing^,18.19,18.89,18.88,18.83,17.79,19.34,17.66,17.27,17.31,17.47,18.1,18.37,17.17,19.15,19.15,Bruised Red,76% ^Elevated^,67% ^Normal^,0,336275,Unlikely ^Positivity high^,Deep Red,19.2% ^Increasing^
Texas,Texas 😷,Bruised Red,#REF!,34.1,92.2,93108,99105,96571,90825,79344,64063,48473,52030,65619,65901,65286,72100,83764,89027,93108,213,Green,27,18,513654,Bruised Red,16.7% ^Increasing^,15.33,15.93,16.05,17.97,21.73,29.3,26.74,21.08,20.79,22.12,20.93,18.42,17.58,16.72,16.72,Bruised Red,84% ^Constrained^,75% ^Elevated^,22,740150,Unlikely ^Positivity high^,Deep Red,16.7% ^Increasing^
Utah,Utah 😷,Bruised Red,#REF!,39.3,92.2,13527,15644,15556,15939,15821,14876,14567,14586,14232,14128,14145,14199,14272,13695,13527,280,Green,35,17,80426,Bruised Red,18.0% ^Decreasing^,20.03,19.98,18.22,17.86,18.21,18.61,18.12,18.3,18.02,18.35,18.08,18.45,17.89,18.02,18.02,Bruised Red,74% ^Elevated^,60% ^Normal^,10,112049,Unlikely ^Positivity high^,Deep Red,18.0% ^Decreasing^
Vermont,Vermont 😷,Bruised Red,#REF!,18.4,95.1,4846,4765,4714,4868,4937,5077,4900,4831,5119,5226,4958,4545,4641,4887,4846,516,Green,64,149,3253,Green,2.0% ^Decreasing^,2.35,2.47,2.4,2.09,2.19,2.13,2.18,2.17,2.03,2.09,2.31,2.16,2.1,2.03,2.03,Green,57% ^Normal^,57% ^Normal^,6,3708,Possible ^Positivity low^,Green,2.0% ^Decreasing^
Virginia,Virginia 😷,Bruised Red,#REF!,29.5,94.2,33603,27961,29206,31772,34249,35410,33490,30078,29566,29841,29532,30007,28170,31127,33603,261,Green,33,29,117570,Bruised Red,10.6% ^Flat^,10.75,11.09,11.08,11.07,10.92,11.71,12.76,12.7,12.25,12.15,11.93,12.65,11.18,10.6,10.6,Bruised Red,72% ^Elevated^,71% ^Elevated^,29,160147,Unlikely ^Positivity high^,Deep Red,10.6% ^Flat^
Washington,Washington 😷,Bruised Red,#REF!,24.5,95.6,26215,35519,38621,43240,47294,51782,23684,26604,29272,30804,30661,29638,25151,27527,26215,228,Green,29,50,52446,Bruised Red,6.1% ^Decreasing^,8.33,7.62,6.45,5.77,5.06,10.64,9.01,8.02,7.37,6.02,4.82,5.9,5.72,6.06,6.06,Yellow,71% ^Elevated^,70% ^Normal^,16,106447,Extremely Difficult ^Resource intensive^,Red,6.1% ^Decreasing^
West Virginia,West Virginia,Bruised Red,#REF!,44.3,92,10841,13947,13844,14307,14772,14948,13440,14186,13771,13639,12940,12850,11976,11572,10841,402,Green,50,25,43018,Bruised Red,12.0% ^Increasing^,8.49,8.51,8.54,8.38,8.09,9.12,8.28,8.57,9.05,9.26,9.77,10.87,11.19,12.02,12.02,Bruised Red,81% ^Constrained^,73% ^Elevated^,34,49847,Unlikely ^Positivity high^,Deep Red,12.0% ^Increasing^
Wisconsin,Wisconsin,Bruised Red,#REF!,32.9,91.2,29624,32146,31950,32744,32599,31568,32211,33441,32647,31756,31328,31512,32434,31301,29624,338,Green,42,26,112049,Bruised Red,11.5% ^Decreasing^,14.07,14.15,13.63,13.3,13.2,12.45,11.91,12.21,12.29,11.85,11.58,11.01,11.27,11.46,11.46,Bruised Red,63% ^Normal^,63% ^Normal^,31,190713,Unlikely ^Positivity high^,Deep Red,11.5% ^Decreasing^
Wyoming,Wyoming,Bruised Red,#REF!,45.7,79,3438,2513,2977,3301,3539,3539,3237,3237,2053,2980,3769,2965,3900,3438,3438,394,Green,49,32,10852,Bruised Red,9.6% ^Decreasing^,20.92,17.61,14.62,12.69,12.3,13.09,13.43,19.41,12.41,9.19,11.42,9.43,10.72,9.56,9.56,Red,50% ^Normal^,49% ^Normal^,17,21593,Extremely Difficult ^Resource intensive^,Red,9.6% ^Decreasing^
Puerto Rico,Puerto Rico,Bruised Red,N/A,N/A,N/A,857,725,714,751,765,915,884,823,766,729,675,756,733,784,857,18,Bruised Red,2,3,28295,Bruised Red,100.0% ^Flat^,100,100,100,100,100,100,100,100,100,100,100,100,100,100,100,Bruised Red,67% ^Normal^,55% ^Normal^,6,29209,Unlikely ^Positivity high^,Deep Red,100.0% ^Flat^
United States,United States,Bruised Red,N/A,N/A,N/A,1898431,1764988,1793853,1828973,1828460,1841336,1784286,1807458,1870632,1886136,1883175,1880803,1910390,1898202,1898431,380,Green,48,27,7023838,Bruised Red,11.2% ^Flat^,11.34,11.45,11.33,11.38,11.34,11.76,11.65,11.34,11.06,11.21,11.38,11.24,11.14,11.21,11.21,Bruised Red,N/A ^Not Available^,N/A ^Not Available^,null,9309871,Unlikely ^Positivity high^,Deep Red,11.2% ^Flat^
